{"cameraMode":{"drawMode":0,"name":"Shaded","section":"Shading Mode"},"sceneLighting":false,"audioPlay":false,"sceneViewState":{"showFog":false,"showMaterialUpdate":false,"showSkybox":false,"showFlares":false,"showImageEffects":false,"showParticleSystems":false},"in2DMode":false,"pivot":{"x":0.30000001192092898,"y":-0.22400003671646119,"z":1.2000000476837159},"rotation":{"x":0.14723879098892213,"y":0.24070405960083009,"z":-0.03696984052658081,"w":0.9586556553840637},"size":0.4684719741344452,"orthographic":true}