{"cameraMode":{"drawMode":0,"name":"Shaded","section":"Shading Mode"},"sceneLighting":true,"audioPlay":false,"sceneViewState":{"showFog":false,"showMaterialUpdate":false,"showSkybox":false,"showFlares":false,"showImageEffects":false,"showParticleSystems":false},"in2DMode":false,"pivot":{"x":0.6659224033355713,"y":-0.6518759727478027,"z":2.0693225860595705},"rotation":{"x":0.40388792753219607,"y":-0.2550448775291443,"z":0.11832921206951142,"w":0.8705324530601502},"size":2.083631753921509,"orthographic":true}