{"cameraMode":{"drawMode":0,"name":"Shaded","section":"Shading Mode"},"sceneLighting":true,"audioPlay":false,"sceneViewState":{"showFog":false,"showMaterialUpdate":false,"showSkybox":false,"showFlares":false,"showImageEffects":false,"showParticleSystems":false},"in2DMode":false,"pivot":{"x":0.6659224033355713,"y":-0.6518759727478027,"z":2.0693225860595705},"rotation":{"x":0.14723879098892213,"y":0.24070405960083009,"z":-0.03696984052658081,"w":0.9586556553840637},"size":15.935506820678711,"orthographic":true}